symbol,start_time_utc8,end_time_utc8,direction,spike_size_pips,duration_minutes,candle_count,opposing_candles,elbow_type,h4_final_hour
XAUUSD,2026-01-29 16:02:00+08:00,2026-01-29 16:07:00+08:00,bull,1703.0,6,6,1,Single,False
XAUUSD,2026-01-29 17:01:00+08:00,2026-01-29 17:05:00+08:00,bull,1038.0,5,5,1,Single,False
XAUUSD,2026-01-29 18:49:00+08:00,2026-01-29 18:54:00+08:00,bull,1490.0,6,6,0,None,True
XAUUSD,2026-01-29 19:54:00+08:00,2026-01-29 19:59:00+08:00,bear,525.0,6,6,1,Single,False
XAUUSD,2026-01-29 20:00:00+08:00,2026-01-29 20:04:00+08:00,bear,611.0,5,5,1,Single,False
XAUUSD,2026-01-29 21:14:00+08:00,2026-01-29 21:23:00+08:00,bull,1236.0,10,10,1,Single,False
XAUUSD,2026-01-29 21:24:00+08:00,2026-01-29 21:28:00+08:00,bear,340.0,5,5,1,Single,False
XAUUSD,2026-01-29 22:00:00+08:00,2026-01-29 22:03:00+08:00,bear,402.0,4,4,0,None,True
XAUUSD,2026-01-30 00:15:00+08:00,2026-01-30 00:21:00+08:00,bear,1285.0,7,7,1,Single,False
XAUUSD,2026-01-30 02:23:00+08:00,2026-01-30 02:32:00+08:00,bull,7378.0,10,10,1,Single,True
XAUUSD,2026-01-30 04:21:00+08:00,2026-01-30 04:25:00+08:00,bear,3241.0,5,5,0,None,False
XAUUSD,2026-01-30 04:31:00+08:00,2026-01-30 04:34:00+08:00,bull,3076.0,4,4,0,None,False
XAUUSD,2026-01-30 07:58:00+08:00,2026-01-30 07:59:00+08:00,bear,865.0,2,2,1,Single,False
XAUUSD,2026-01-30 12:25:00+08:00,2026-01-30 12:29:00+08:00,bull,4624.0,5,5,1,Single,False
XAUUSD,2026-01-30 12:47:00+08:00,2026-01-30 12:52:00+08:00,bull,2366.0,6,6,1,Single,False
XAUUSD,2026-01-30 19:07:00+08:00,2026-01-30 19:11:00+08:00,bear,3411.0,5,5,0,None,False
XAUUSD,2026-01-30 19:12:00+08:00,2026-01-30 19:16:00+08:00,bear,5462.0,5,5,1,Single,False
XAUUSD,2026-01-30 21:29:00+08:00,2026-01-30 21:32:00+08:00,bull,1463.0,4,4,1,Single,False
XAUUSD,2026-01-30 21:38:00+08:00,2026-01-30 21:43:00+08:00,bull,1132.0,6,6,1,Single,False
XAUUSD,2026-01-30 23:33:00+08:00,2026-01-30 23:39:00+08:00,bull,2247.0,7,7,1,Single,False
XAUUSD,2026-01-31 00:43:00+08:00,2026-01-31 00:47:00+08:00,bull,2252.0,5,5,1,Single,False
XAUUSD,2026-01-31 04:56:00+08:00,2026-01-31 04:59:00+08:00,bull,3292.0,4,4,1,Single,False
XAUUSD,2026-01-31 06:49:00+08:00,2026-01-31 06:56:00+08:00,bear,6318.0,8,8,1,Single,True
XAUUSD,2026-01-31 07:57:00+08:00,2026-01-31 07:59:00+08:00,bull,1149.0,3,3,0,None,False
XAUUSD,2026-02-02 09:31:00+08:00,2026-02-02 09:39:00+08:00,bull,6711.0,9,9,1,Single,False
XAUUSD,2026-02-02 10:03:00+08:00,2026-02-02 10:06:00+08:00,bear,2194.0,4,4,1,Single,True
XAUUSD,2026-02-02 11:59:00+08:00,2026-02-02 12:02:00+08:00,bull,2693.0,4,4,1,Single,False
XAUUSD,2026-02-02 12:22:00+08:00,2026-02-02 12:25:00+08:00,bear,1666.0,4,4,1,Single,False
XAUUSD,2026-02-02 13:25:00+08:00,2026-02-02 13:30:00+08:00,bear,2429.0,6,6,0,None,False
XAUUSD,2026-02-02 13:54:00+08:00,2026-02-02 13:59:00+08:00,bear,3535.0,6,6,0,None,False
XAUUSD,2026-02-02 14:51:00+08:00,2026-02-02 14:53:00+08:00,bear,1570.0,3,3,0,None,True
XAUUSD,2026-02-02 15:07:00+08:00,2026-02-02 15:09:00+08:00,bear,1848.0,3,3,0,None,False
XAUUSD,2026-02-02 17:24:00+08:00,2026-02-02 17:29:00+08:00,bull,3090.0,6,6,1,Single,False
XAUUSD,2026-02-02 18:19:00+08:00,2026-02-02 18:24:00+08:00,bull,3197.0,6,6,1,Single,True
XAUUSD,2026-02-02 20:03:00+08:00,2026-02-02 20:07:00+08:00,bear,2168.0,5,5,0,None,False
XAUUSD,2026-02-02 20:17:00+08:00,2026-02-02 20:26:00+08:00,bear,4537.0,10,10,1,Single,False
XAUUSD,2026-02-02 21:43:00+08:00,2026-02-02 21:46:00+08:00,bear,818.0,4,4,1,Single,False
XAUUSD,2026-02-02 21:52:00+08:00,2026-02-02 21:58:00+08:00,bear,1680.0,7,7,1,Single,False
XAUUSD,2026-02-02 22:04:00+08:00,2026-02-02 22:07:00+08:00,bear,2309.0,4,4,0,None,True
XAUUSD,2026-02-02 23:35:00+08:00,2026-02-02 23:43:00+08:00,bear,4546.0,9,9,1,Single,False
XAUUSD,2026-02-03 01:21:00+08:00,2026-02-03 01:24:00+08:00,bull,2576.0,4,4,1,Single,False
XAUUSD,2026-02-03 03:17:00+08:00,2026-02-03 03:24:00+08:00,bear,2205.0,8,8,1,Single,False
XAUUSD,2026-02-03 05:07:00+08:00,2026-02-03 05:12:00+08:00,bull,2498.0,6,6,1,Single,False
XAUUSD,2026-02-03 06:35:00+08:00,2026-02-03 06:39:00+08:00,bear,1430.0,5,5,1,Single,True
XAUUSD,2026-02-03 07:06:00+08:00,2026-02-03 07:08:00+08:00,bear,653.0,3,3,0,None,False
XAUUSD,2026-02-03 07:57:00+08:00,2026-02-03 07:59:00+08:00,bull,752.0,3,3,1,Single,False
XAUUSD,2026-02-03 09:01:00+08:00,2026-02-03 09:09:00+08:00,bull,4705.0,9,9,1,Single,False
XAUUSD,2026-02-03 11:30:00+08:00,2026-02-03 11:35:00+08:00,bear,1737.0,6,6,1,Single,False
XAUUSD,2026-02-03 14:51:00+08:00,2026-02-03 14:56:00+08:00,bear,822.0,6,6,1,Single,True
XAUUSD,2026-02-03 15:25:00+08:00,2026-02-03 15:31:00+08:00,bull,2034.0,7,7,1,Single,False
XAUUSD,2026-02-03 15:50:00+08:00,2026-02-03 15:52:00+08:00,bear,775.0,3,3,0,None,False
XAUUSD,2026-02-03 20:09:00+08:00,2026-02-03 20:13:00+08:00,bull,1513.0,5,5,1,Single,False
XAUUSD,2026-02-03 20:34:00+08:00,2026-02-03 20:40:00+08:00,bear,864.0,7,7,1,Single,False
XAUUSD,2026-02-03 20:49:00+08:00,2026-02-03 20:51:00+08:00,bear,623.0,3,3,0,None,False
XAUUSD,2026-02-03 21:40:00+08:00,2026-02-03 21:42:00+08:00,bear,510.0,3,3,0,None,False
XAUUSD,2026-02-04 00:33:00+08:00,2026-02-04 00:36:00+08:00,bear,1747.0,4,4,1,Single,False
XAUUSD,2026-02-04 01:00:00+08:00,2026-02-04 01:03:00+08:00,bull,2025.0,4,4,1,Single,False
XAUUSD,2026-02-04 02:50:00+08:00,2026-02-04 02:56:00+08:00,bear,2458.0,7,7,1,Single,True
XAUUSD,2026-02-04 04:53:00+08:00,2026-02-04 04:59:00+08:00,bull,1953.0,7,7,1,Single,False
XAUUSD,2026-02-04 05:00:00+08:00,2026-02-04 05:06:00+08:00,bear,2562.0,7,7,0,None,False
XAUUSD,2026-02-04 06:00:00+08:00,2026-02-04 06:06:00+08:00,bear,2358.0,7,7,1,Single,True
XAUUSD,2026-02-04 06:40:00+08:00,2026-02-04 06:46:00+08:00,bull,886.0,7,7,1,Single,True
XAUUSD,2026-02-04 07:52:00+08:00,2026-02-04 07:56:00+08:00,bull,961.0,5,5,1,Single,False
XAUUSD,2026-02-04 07:57:00+08:00,2026-02-04 07:59:00+08:00,bull,559.0,3,3,1,Single,False
XAUUSD,2026-02-04 10:21:00+08:00,2026-02-04 10:24:00+08:00,bull,1083.0,4,4,1,Single,True
XAUUSD,2026-02-04 13:29:00+08:00,2026-02-04 13:36:00+08:00,bull,1708.0,8,8,1,Single,False
XAUUSD,2026-02-04 16:41:00+08:00,2026-02-04 16:45:00+08:00,bull,784.0,5,5,1,Single,False
XAUUSD,2026-02-04 20:09:00+08:00,2026-02-04 20:14:00+08:00,bull,791.0,6,6,1,Single,False
XAUUSD,2026-02-04 23:08:00+08:00,2026-02-04 23:11:00+08:00,bear,1741.0,4,4,0,None,False
XAUUSD,2026-02-05 00:29:00+08:00,2026-02-05 00:34:00+08:00,bear,3374.0,6,6,1,Single,False
XAUUSD,2026-02-05 02:51:00+08:00,2026-02-05 02:59:00+08:00,bull,2701.0,9,9,1,Single,True
XAUUSD,2026-02-05 03:05:00+08:00,2026-02-05 03:08:00+08:00,bear,2057.0,4,4,0,None,False
XAUUSD,2026-02-05 03:09:00+08:00,2026-02-05 03:15:00+08:00,bull,2611.0,7,7,1,Single,False
XAUUSD,2026-02-05 03:20:00+08:00,2026-02-05 03:24:00+08:00,bull,1857.0,5,5,1,Single,False
XAUUSD,2026-02-05 07:41:00+08:00,2026-02-05 07:44:00+08:00,bull,743.0,4,4,1,Single,False
XAUUSD,2026-02-05 07:59:00+08:00,2026-02-05 07:59:00+08:00,bull,164.0,1,1,0,None,False
XAUUSD,2026-02-05 10:55:00+08:00,2026-02-05 10:59:00+08:00,bear,1118.0,5,5,1,Single,True
XAUUSD,2026-02-05 12:53:00+08:00,2026-02-05 12:56:00+08:00,bull,3775.0,4,4,0,None,False
XAUUSD,2026-02-05 13:04:00+08:00,2026-02-05 13:11:00+08:00,bull,3313.0,8,8,1,Single,False
